<?xml version="1.0" encoding="UTF-8" standalone="yes"?>
<addon id="service.snapcast.client"
    name="Snapcast client service"
    version="0.0.2"
    provider-name="rimeno">
  <requires>
    <import addon="xbmc.python" version="3.0.0"/>
    <import addon="script.module.snapcast" version="2.1.3"/>
  </requires>
  <extension point="xbmc.service" library="addon.py" />
  <extension point="xbmc.addon.metadata">
    <platform>all</platform>
    <summary lang="en">Snapcast client service (userspace).</summary>
    <description lang="en">Start/stop snapclient service for user running kodi, if kodi not playing.</description>
    <license>GNU General Public License, v3</license>
    <language></language>
    <source>https://github.com/rimeno/service.snapcast.client</source>
    <website></website>
    <email>rafaneto@punktona.org</email>
    <assets>
        <icon>resources/icon.png</icon>
    </assets>
  </extension>
</addon>
