<?xml version="1.0" encoding="UTF-8" standalone="yes"?>
<addon id="script.module.snapcast"
    name="python-snapcast"
    version="2.3.1"
    provider-name="happyleavesaoc (lib), rimeno (kodi package)">
    <requires>
        <import addon="xbmc.python" version="3.0.0"/>
    </requires>
    <extension point="xbmc.python.module"
        library="resources/lib" />
    <extension point="xbmc.addon.metadata">
        <summary lang="en_GB">Python Snapcast library</summary>
        <description lang="en_GB">Control Snapcast in Python 3. Reads client configurations, updates clients, and receives updates from other controllers..</description>
        <license>The MIT License (MIT)</license>
        <website>https://github.com/rimeno/script.module.snapcast</website>
        <source>https://github.com/happyleavesaoc/python-snapcast</source>
        <assets>
            <icon>resources/icon.png</icon>
        </assets>
    </extension>
</addon>
