<?xml version="1.0" encoding="UTF-8" standalone="yes"?>
<addon id="script.snapcast.client"
    name="Snapcast"
    version="0.0.4"
    provider-name="rimeno">
  <requires>
    <import addon="xbmc.python" version="3.0.0"/>
    <import addon="script.module.snapcast" version="2.1.3"/>
    <import addon="service.snapcast.client" version="0.0.2"/>
  </requires>
  <extension point="xbmc.python.script" library="addon.py">
    <provides>executable</provides>
  </extension>
  <extension point="xbmc.addon.metadata">
    <platform>all</platform>
    <summary lang="en">Simple Snapcast client : manual start and stop service.</summary>
    <description lang="en">Start/stop snapclient service from menu of this addon.</description>
    <license>GNU General Public License, v3</license>
    <language></language>
    <source>https://github.com/rimeno/script.snapcast.client</source>
    <website></website>
    <email>rafaneto@punktona.org</email>
    <broken>deprecated: see script.service.snapcast-client</broken>
    <assets>
        <icon>resources/icon.png</icon>
    </assets>
  </extension>
</addon>
