<?xml version="1.0" encoding="UTF-8" standalone="yes"?>
<addon id="repository.rafaneto"
    name="Rafaneto repository"
    version="0.0.1"
    provider-name="rimeno">
    <extension point="xbmc.addon.repository" name="Rafaneto repository">
        <dir>
            <info compressed="false">https://raw.githubusercontent.com/rimeno/repository.rafaneto/main/repo/zips/addons.xml</info>
            <checksum>https://raw.githubusercontent.com/rimeno/repostiroy.rafaneto/main/repo/zips/addons.xml.md5</checksum>
            <datadir zip="true">https://raw.githubusercontent.com/rimeno/repository.rafaneto/main/repo/zips/</datadir>
        </dir>
    </extension>
    <extension point="xbmc.addon.metadata">
        <summary>Rafaneto repository</summary>
        <description>Some stuff ton manage Snapcast</description>
        <disclaimer></disclaimer>
        <platform>all</platform>
        <assets>
            <icon>resources/icon.png</icon>
            <fanart>resources/fanart.jpg</fanart>
        </assets>
    </extension>
</addon>
